<?xml version="1.0" encoding="utf-8"?>
<extension version="1.7.9" type="plugin" group="system" method="upgrade">
	<name>vmfxbot</name>
	<author>Boliak Pavlo</author>
	<creationDate>2016</creationDate>
	<copyright>Copyright Boliak Pavlo.</copyright>
	<authorEmail></authorEmail>
	<authorUrl></authorUrl>
	<version>1.7.9</version>
	<license>http://www.gnu.org/licenses/gpl-2.0.html GNU/GPL</license>
	<description> </description>
	<files>
		<filename plugin="vmfxbot">vmfxbot.php</filename>
		<filename>index.html</filename>
		<folder>views</folder>
		<folder>helpers</folder>
		<folder>controllers</folder>
		<folder>assets</folder>
	</files>
	<!-- Standard Joomla! plugin parameters to setup the K2 plugin once -->
	<params>
		
	</params>
	<config>
		<fields name="params">
			<fieldset name="basic">
				
			</fieldset>
		</fields>
	</config>
	
	
</extension>
